Workbook

Sheet 요약
A1: CTA별 노출·클릭 정리 - 우리동네 돌봄 히어로 랜딩페이지
A2: 출처: Amplitude 프로젝트 887071, 최근 7일(2026-10-26 기준). 모든 수치는 테스트 접속 포함(utm_source=qa_*). 파란색 숫자는 Amplitude에서 가져온 입력값, 검정색은 수식입니다.
A4: No | B4: CTA ID | C4: 버튼 문구 | D4: 위치 | E4: 화면 | F4: 노출수(cta_impression) | G4: 클릭수(cta_click) | H4: 클릭률(CTR) | I4: 스크린샷 | J4: 비고
A5: 1 | B5: header_signup | C5: 무료체험 신청 | D5: 상단 헤더 | E5: PC | F5: 3 | G5: 0 | H5: =IF(F5=0,0,G5/F5) -> 0
A6: 2 | B6: hero_signup | C6: 무료체험 신청하기 → | D6: 첫 화면(히어로) | E6: PC | F6: 4 | G6: 1 | H6: =IF(F6=0,0,G6/F6) -> 0.25
A7: 3 | B7: hero_app | C7: 앱 다운로드 | D7: 첫 화면(히어로) | E7: PC | F7: 4 | G7: 0 | H7: =IF(F7=0,0,G7/F7) -> 0
A8: 4 | B8: pkg_basic | C8: 이 패키지로 시작하기 (등하원+기본돌봄) | D8: 패키지 할인 | E8: PC | F8: 2 | G8: 1 | H8: =IF(F8=0,0,G8/F8) -> 0.5
A9: 5 | B9: pkg_play | C9: 이 패키지로 시작하기 (히어로 놀이패키지) | D9: 패키지 할인 | E9: PC | F9: 1 | G9: 0 | H9: =IF(F9=0,0,G9/F9) -> 0
A10: 6 | B10: trial_signup | C10: 무료체험 바로 신청하기 → | D10: 무료체험 3단계 | E10: PC | F10: 1 | G10: 0 | H10: =IF(F10=0,0,G10/F10) -> 0
A11: 7 | B11: checklist_done | C11: 무료체험 신청 → (체크리스트 완료 시 표시) | D11: 돌봄 체크리스트 | E11: PC | F11: 1 | G11: 0 | H11: =IF(F11=0,0,G11/F11) -> 0 | J11: 테스트 중 강제 표시된 노출 1건 포함
A12: 8 | B12: final_appstore | C12: App Store | D12: 최종 CTA(앱 다운로드) | E12: PC | F12: 3 | G12: 0 | H12: =IF(F12=0,0,G12/F12) -> 0
A13: 9 | B13: final_playstore | C13: Google Play | D13: 최종 CTA(앱 다운로드) | E13: PC | F13: 3 | G13: 0 | H13: =IF(F13=0,0,G13/F13) -> 0
A14: 10 | B14: form_submit | C14: 무료체험 신청 완료하기 | D14: 간편가입 폼 | E14: PC | F14: 3 | G14: 0 | H14: =IF(F14=0,0,G14/F14) -> 0
A15: 11 | B15: success_app | C15: 앱 설치하러 가기 (가입 완료 후 표시) | D15: 간편가입 폼 | E15: PC | F15: 1 | G15: 0 | H15: =IF(F15=0,0,G15/F15) -> 0 | J15: 테스트 중 강제 표시된 노출 1건 포함
A16: 12 | B16: sticky_app | C16: 앱 받기 | D16: 모바일 하단 고정바 | E16: 모바일 | F16: 4 | G16: 0 | H16: =IF(F16=0,0,G16/F16) -> 0 | J16: 화면 폭 900px 이하에서만 표시
A17: 13 | B17: sticky_signup | C17: 무료체험 신청 | D17: 모바일 하단 고정바 | E17: 모바일 | F17: 4 | G17: 1 | H17: =IF(F17=0,0,G17/F17) -> 0.25 | J17: 화면 폭 900px 이하에서만 표시
B18: 합계 | F18: =SUM(F5:F17) -> 34 | G18: =SUM(G5:G17) -> 3 | H18: =IF(F18=0,0,G18/F18) -> 0.088235294
A20: ※ 클릭률 = 클릭수 / 노출수. 노출은 버튼이 화면에 50% 이상 보일 때 방문당 1회, 클릭은 누를 때마다 집계됩니다.
A21: ※ 스크린샷의 빨간 테두리가 해당 CTA입니다(PC 1280x800, 모바일 390x844 기준).

Sheet 노출
A1: CTA 노출 현황
A2: 이벤트명: cta_impression
A3: 버튼이 화면에 50% 이상 보이면 방문(페이지 로드)당 1회 기록됩니다.
A5: No | B5: CTA ID | C5: 버튼 문구 | D5: 위치 | E5: 노출수 | F5: 전체 대비 비중
A6: =요약!A5 -> 1 | B6: =요약!B5 -> header_signup | C6: =요약!C5 -> 무료체험 신청 | D6: =요약!D5 -> 상단 헤더 | E6: =요약!F5 -> 3 | F6: =IF($E$19=0,0,E6/$E$19) -> 0.088235294
A7: =요약!A6 -> 2 | B7: =요약!B6 -> hero_signup | C7: =요약!C6 -> 무료체험 신청하기 → | D7: =요약!D6 -> 첫 화면(히어로) | E7: =요약!F6 -> 4 | F7: =IF($E$19=0,0,E7/$E$19) -> 0.11764706
A8: =요약!A7 -> 3 | B8: =요약!B7 -> hero_app | C8: =요약!C7 -> 앱 다운로드 | D8: =요약!D7 -> 첫 화면(히어로) | E8: =요약!F7 -> 4 | F8: =IF($E$19=0,0,E8/$E$19) -> 0.11764706
A9: =요약!A8 -> 4 | B9: =요약!B8 -> pkg_basic | C9: =요약!C8 -> 이 패키지로 시작하기 (등하원+기본돌봄) | D9: =요약!D8 -> 패키지 할인 | E9: =요약!F8 -> 2 | F9: =IF($E$19=0,0,E9/$E$19) -> 0.058823529
A10: =요약!A9 -> 5 | B10: =요약!B9 -> pkg_play | C10: =요약!C9 -> 이 패키지로 시작하기 (히어로 놀이패키지) | D10: =요약!D9 -> 패키지 할인 | E10: =요약!F9 -> 1 | F10: =IF($E$19=0,0,E10/$E$19) -> 0.029411765
A11: =요약!A10 -> 6 | B11: =요약!B10 -> trial_signup | C11: =요약!C10 -> 무료체험 바로 신청하기 → | D11: =요약!D10 -> 무료체험 3단계 | E11: =요약!F10 -> 1 | F11: =IF($E$19=0,0,E11/$E$19) -> 0.029411765
A12: =요약!A11 -> 7 | B12: =요약!B11 -> checklist_done | C12: =요약!C11 -> 무료체험 신청 → (체크리스트 완료 시 표시) | D12: =요약!D11 -> 돌봄 체크리스트 | E12: =요약!F11 -> 1 | F12: =IF($E$19=0,0,E12/$E$19) -> 0.029411765
A13: =요약!A12 -> 8 | B13: =요약!B12 -> final_appstore | C13: =요약!C12 -> App Store | D13: =요약!D12 -> 최종 CTA(앱 다운로드) | E13: =요약!F12 -> 3 | F13: =IF($E$19=0,0,E13/$E$19) -> 0.088235294
A14: =요약!A13 -> 9 | B14: =요약!B13 -> final_playstore | C14: =요약!C13 -> Google Play | D14: =요약!D13 -> 최종 CTA(앱 다운로드) | E14: =요약!F13 -> 3 | F14: =IF($E$19=0,0,E14/$E$19) -> 0.088235294
A15: =요약!A14 -> 10 | B15: =요약!B14 -> form_submit | C15: =요약!C14 -> 무료체험 신청 완료하기 | D15: =요약!D14 -> 간편가입 폼 | E15: =요약!F14 -> 3 | F15: =IF($E$19=0,0,E15/$E$19) -> 0.088235294
A16: =요약!A15 -> 11 | B16: =요약!B15 -> success_app | C16: =요약!C15 -> 앱 설치하러 가기 (가입 완료 후 표시) | D16: =요약!D15 -> 간편가입 폼 | E16: =요약!F15 -> 1 | F16: =IF($E$19=0,0,E16/$E$19) -> 0.029411765
A17: =요약!A16 -> 12 | B17: =요약!B16 -> sticky_app | C17: =요약!C16 -> 앱 받기 | D17: =요약!D16 -> 모바일 하단 고정바 | E17: =요약!F16 -> 4 | F17: =IF($E$19=0,0,E17/$E$19) -> 0.11764706
A18: =요약!A17 -> 13 | B18: =요약!B17 -> sticky_signup | C18: =요약!C17 -> 무료체험 신청 | D18: =요약!D17 -> 모바일 하단 고정바 | E18: =요약!F17 -> 4 | F18: =IF($E$19=0,0,E18/$E$19) -> 0.11764706
B19: 합계 | E19: =SUM(E6:E18) -> 34 | F19: =SUM(F6:F18) -> 1

Sheet 클릭
A1: CTA 클릭 현황
A2: 이벤트명: cta_click
A3: 버튼을 누를 때마다 기록됩니다.
A5: No | B5: CTA ID | C5: 버튼 문구 | D5: 위치 | E5: 클릭수 | F5: 전체 대비 비중
A6: =요약!A5 -> 1 | B6: =요약!B5 -> header_signup | C6: =요약!C5 -> 무료체험 신청 | D6: =요약!D5 -> 상단 헤더 | E6: =요약!G5 -> 0 | F6: =IF($E$19=0,0,E6/$E$19) -> 0
A7: =요약!A6 -> 2 | B7: =요약!B6 -> hero_signup | C7: =요약!C6 -> 무료체험 신청하기 → | D7: =요약!D6 -> 첫 화면(히어로) | E7: =요약!G6 -> 1 | F7: =IF($E$19=0,0,E7/$E$19) -> 0.33333333
A8: =요약!A7 -> 3 | B8: =요약!B7 -> hero_app | C8: =요약!C7 -> 앱 다운로드 | D8: =요약!D7 -> 첫 화면(히어로) | E8: =요약!G7 -> 0 | F8: =IF($E$19=0,0,E8/$E$19) -> 0
A9: =요약!A8 -> 4 | B9: =요약!B8 -> pkg_basic | C9: =요약!C8 -> 이 패키지로 시작하기 (등하원+기본돌봄) | D9: =요약!D8 -> 패키지 할인 | E9: =요약!G8 -> 1 | F9: =IF($E$19=0,0,E9/$E$19) -> 0.33333333
A10: =요약!A9 -> 5 | B10: =요약!B9 -> pkg_play | C10: =요약!C9 -> 이 패키지로 시작하기 (히어로 놀이패키지) | D10: =요약!D9 -> 패키지 할인 | E10: =요약!G9 -> 0 | F10: =IF($E$19=0,0,E10/$E$19) -> 0
A11: =요약!A10 -> 6 | B11: =요약!B10 -> trial_signup | C11: =요약!C10 -> 무료체험 바로 신청하기 → | D11: =요약!D10 -> 무료체험 3단계 | E11: =요약!G10 -> 0 | F11: =IF($E$19=0,0,E11/$E$19) -> 0
A12: =요약!A11 -> 7 | B12: =요약!B11 -> checklist_done | C12: =요약!C11 -> 무료체험 신청 → (체크리스트 완료 시 표시) | D12: =요약!D11 -> 돌봄 체크리스트 | E12: =요약!G11 -> 0 | F12: =IF($E$19=0,0,E12/$E$19) -> 0
A13: =요약!A12 -> 8 | B13: =요약!B12 -> final_appstore | C13: =요약!C12 -> App Store | D13: =요약!D12 -> 최종 CTA(앱 다운로드) | E13: =요약!G12 -> 0 | F13: =IF($E$19=0,0,E13/$E$19) -> 0
A14: =요약!A13 -> 9 | B14: =요약!B13 -> final_playstore | C14: =요약!C13 -> Google Play | D14: =요약!D13 -> 최종 CTA(앱 다운로드) | E14: =요약!G13 -> 0 | F14: =IF($E$19=0,0,E14/$E$19) -> 0
A15: =요약!A14 -> 10 | B15: =요약!B14 -> form_submit | C15: =요약!C14 -> 무료체험 신청 완료하기 | D15: =요약!D14 -> 간편가입 폼 | E15: =요약!G14 -> 0 | F15: =IF($E$19=0,0,E15/$E$19) -> 0
A16: =요약!A15 -> 11 | B16: =요약!B15 -> success_app | C16: =요약!C15 -> 앱 설치하러 가기 (가입 완료 후 표시) | D16: =요약!D15 -> 간편가입 폼 | E16: =요약!G15 -> 0 | F16: =IF($E$19=0,0,E16/$E$19) -> 0
A17: =요약!A16 -> 12 | B17: =요약!B16 -> sticky_app | C17: =요약!C16 -> 앱 받기 | D17: =요약!D16 -> 모바일 하단 고정바 | E17: =요약!G16 -> 0 | F17: =IF($E$19=0,0,E17/$E$19) -> 0
A18: =요약!A17 -> 13 | B18: =요약!B17 -> sticky_signup | C18: =요약!C17 -> 무료체험 신청 | D18: =요약!D17 -> 모바일 하단 고정바 | E18: =요약!G17 -> 1 | F18: =IF($E$19=0,0,E18/$E$19) -> 0.33333333
B19: 합계 | E19: =SUM(E6:E18) -> 3 | F19: =SUM(F6:F18) -> 1
